<?xml version="1.0" encoding="UTF-8"?><metadata>
    <idinfo>
        <citation>
            <citeinfo>
                <origin/>
                <pubdate>20190327</pubdate>
                <title>Police Districts</title>
                <geoform>vector digital data</geoform>
                <pubinfo>
                    <publish>DC GIS</publish>
                </pubinfo>
                <lworkcit>
                    <citeinfo>
                        <title>DC Geographic Information System</title>
                    </citeinfo>
                </lworkcit>
            </citeinfo>
        </citation>
        <descript>
            <abstract>etropolitan Police Department (MPD) Police Districts. The dataset contains polygons representing of MPD Districts, created as part of the DC Geographic Information System (DC GIS) for the D.C. Office of the Chief Technology Officer (OCTO) and participating D.C. government agencies. Police jurisdictions were initially created selecting street arcs from the planimetric street centerlines and street polygons, water polygons, real property boundaries and District of Columbia boundaries.2019 Boundary Changes:Periodically, MPD conducts a comprehensive assessment of our patrol boundaries to ensure optimal operations. This effort considers current workload, anticipated population growth, development, and community needs. The overarching goals for the 2019 realignment effort included: optimal availability of police resources, officer safety and wellness, and efficient delivery of police services. These changes took effect on 01/10/2019.On 03/27/2019, this boundary was modified to adjust dispatching of North Capitol Street’s northwest access roads to be more operationally efficient.</abstract>
            <purpose>Metropolitan Police Department (MPD) Police Service Areas (PSA).</purpose>
        </descript>
        <timeperd>
            <timeinfo>
                <sngdate>
                    <caldate>20111229</caldate>
                </sngdate>
            </timeinfo>
            <current>publication date</current>
        </timeperd>
        <status>
            <progress>Complete</progress>
            <update>As needed</update>
        </status>
        <spdom>
            <bounding>
                <westbc>-77.13684510131819</westbc>
                <eastbc>-76.91608857055677</eastbc>
                <northbc>38.97603995180146</northbc>
                <southbc>38.80581923088689</southbc>
            </bounding>
        </spdom>
        <keywords>
            <theme>
                <themekt>None</themekt>
                <themekey>pubsafety</themekey>
                <themekey>Society</themekey>
                <themekey>Police Service area</themekey>
                <themekey>boundary</themekey>
                <themekey>Government Jurisdiction</themekey>
                <themekey>Public Safety</themekey>
                <themekey>Metropolitan Police Department</themekey>
                <themekey>PSA</themekey>
            </theme>
            <theme>
                <themekt>ISO 19115 Topic Categories</themekt>
                <themekey>society</themekey>
            </theme>
            <place>
                <placekt>None</placekt>
                <placekey>Washington</placekey>
                <placekey>D.C.</placekey>
                <placekey>District of Columbia</placekey>
                <placekey>DC GIS</placekey>
                <placekey>DCGIS</placekey>
                <placekey>DC</placekey>
            </place>
        </keywords>
        <accconst>Other Constraints</accconst>
        <useconst>This work is licensed under a Creative Commons Attribution 4.0 International License.</useconst>
        <ptcontac>
            <cntinfo>
                <cntorgp>
                    <cntorg>D.C. Office of the Chief Technology Officer</cntorg>
                    <cntper>GIS Data Coordinator</cntper>
                </cntorgp>
                <cntaddr>
                    <addrtype>mailing and physical</addrtype>
                    <address>200 I Street SE, 5th Floor</address>
                    <city>Washington</city>
                    <state>DC</state>
                    <postal>20003</postal>
                    <country>US</country>
                </cntaddr>
                <cntfax>(202) 727-5660</cntfax>
                <cntemail>dcgis@dc.gov</cntemail>
                <hours>8:30 am - 5 pm</hours>
            </cntinfo>
        </ptcontac>
        <datacred>https://mpdc.dc.gov</datacred>
    </idinfo>
    <dataqual>
        <attracc>
            <attraccr>Data believed to be complete and accurate as of the time period cited. Subject to change. Digital version compared with original source data for accuracy and completeness. Validated by source and/or responsible agency. Staff check for boundaries that intersected select planimetric features, such as buildings. Then, staff checked all the text descriptions of the 44 PSA boundaries against the psa arc coverage, snapbase, and street centerlines. MPD also reviewed the PSAs against the planimetrics, text descriptions, and existing files.</attraccr>
        </attracc>
        <logic>Validated by source and/or responsible agency.</logic>
        <complete>Data believed to be complete and accurate, subject to change. Digital version compared with original source data for accuracy and completeness. Validated by source and/or responsible agency.</complete>
        <posacc>
            <horizpa>
                <horizpar>Validated by source and/or responsible agency.</horizpar>
            </horizpa>
        </posacc>
        <posacc>
            <vertacc>
                <vertaccr>N/A</vertaccr>
            </vertacc>
        </posacc>
        <lineage>
            <srcinfo>
                <srccite>
                    <citeinfo>
                        <pubdate>20060101</pubdate>
                        <title>Population Projections</title>
                    </citeinfo>
                </srccite>
                <typesrc>None</typesrc>
                <srccitea>Population Projections</srccitea>
                <srccontr>attribution</srccontr>
            </srcinfo>
            <srcinfo>
                <srccite>
                    <citeinfo>
                        <title>Metropolitan Police Department boundary text descriptions</title>
                    </citeinfo>
                </srccite>
                <typesrc>None</typesrc>
                <srccitea>Metropolitan Police Department boundary text descriptions</srccitea>
                <srccontr>boundaries and attributes</srccontr>
            </srcinfo>
            <srcinfo>
                <srccite>
                    <citeinfo>
                        <title>Metropolitan Police Department PSA Shapefile</title>
                    </citeinfo>
                </srccite>
                <srcscale>10000</srcscale>
                <typesrc>None</typesrc>
                <srccitea>Metropolitan Police Department PSA Shapefile</srccitea>
                <srccontr>boundaries and attributes</srccontr>
            </srcinfo>
            <procstep>
                <procdesc>· Snapset from 8/1/2011 assembled from the following source layers: o District BNDY o RAIL o RoadPly o StreetSegmentLn o WATER o OwnerPly Procedure: 1. The reference materials were assembled in the ArcMap 9.3.1 environment. The prj file defined the projection in which arcs were selected to define the PSAs. 2. For arcs that required spatial modifications like splitting, snapping, or drawing in new segments, segments were created in ArcMap. 3. After all the segments that comprise the PSAs were completed, the analyst selected all the arcs and placed into a new coverage. This new coverage was used to QC the selections if there were any segments missing to enclose polygons or self intersecting arcs. Staff performed a build on the coverage to identify arcs with topological errors. 4. The PSA coverage attribute table was then populated with the PSA 5. Staff then saved the changes and the process is completed.</procdesc>
                <procdate>20111001</procdate>
                <proccont>
                    <cntinfo>
                        <cntorgp>
                            <cntorg>Metropolitan Police Department</cntorg>
                            <cntper>Executive Direct Crime Analysis</cntper>
                        </cntorgp>
                        <cntaddr>
                            <addrtype>mailing and physical</addrtype>
                            <city>Washington</city>
                            <state>DC</state>
                            <postal>20001</postal>
                            <country>US</country>
                        </cntaddr>
                        <cntvoice>(202) 727- 4289</cntvoice>
                        <hours>9am - 5pm</hours>
                    </cntinfo>
                </proccont>
            </procstep>
            <procstep>
                <procdesc>2019 Boundary Changes.</procdesc>
                <procdate>20190110</procdate>
                <proccont>
                    <cntinfo>
                        <cntorgp>
                            <cntorg>D.C. Office of the Chief Technology Officer</cntorg>
                            <cntper>GIS Data Coordinator</cntper>
                        </cntorgp>
                        <cntaddr>
                            <addrtype>unknown</addrtype>
                            <address>200 I Street SE, 5th Floor</address>
                            <city>Washington</city>
                            <state>DC</state>
                            <postal>20003</postal>
                            <country>US</country>
                        </cntaddr>
                        <cntfax>(202) 727-5660</cntfax>
                        <cntemail>dcgis@dc.gov</cntemail>
                        <hours>8:30 am - 5 pm</hours>
                    </cntinfo>
                </proccont>
            </procstep>
            <procstep>
                <procdesc>Boundary was modified to adjust dispatching of North Capitol Street’s northwest access roads to be more operationally efficient.</procdesc>
                <procdate>20190327</procdate>
                <proccont>
                    <cntinfo>
                        <cntorgp>
                            <cntorg>D.C. Office of the Chief Technology Officer</cntorg>
                            <cntper>GIS Data Coordinator</cntper>
                        </cntorgp>
                        <cntaddr>
                            <addrtype>unknown</addrtype>
                            <address>200 I Street SE, 5th Floor</address>
                            <city>Washington</city>
                            <state>DC</state>
                            <postal>20003</postal>
                            <country>US</country>
                        </cntaddr>
                        <cntfax>(202) 727-5660</cntfax>
                        <cntemail>dcgis@dc.gov</cntemail>
                        <hours>8:30 am - 5 pm</hours>
                    </cntinfo>
                </proccont>
            </procstep>
        </lineage>
    </dataqual>
    <spdoinfo>
        <direct>Vector</direct>
        <ptvctinf>
            <sdtsterm>
                <sdtstype>GT-polygon composed of chains</sdtstype>
                <ptvctcnt>7</ptvctcnt>
            </sdtsterm>
        </ptvctinf>
    </spdoinfo>
    <eainfo>
        <detailed>
            <enttyp>
                <enttypl>PolDistPly</enttypl>
            </enttyp>
            <attr>
                <attrlabl>OBJECTID</attrlabl>
                <attrdef>Internal feature number.</attrdef>
                <attrdefs>ESRI</attrdefs>
                <attrdomv>
                                        					
                    
                    <udom>Sequential unique whole numbers that are automatically generated.</udom>
                                        				
                
                </attrdomv>
            </attr>
            <attr>
                <attrlabl>SHAPE</attrlabl>
                <attrdef>Feature geometry.</attrdef>
                <attrdefs>ESRI</attrdefs>
                <attrdomv>
                                        					
                    
                    <udom>Coordinates defining the features.</udom>
                                        				
                
                </attrdomv>
            </attr>
            <attr>
                <attrlabl>DISTRICT</attrlabl>
                <attrdef>Police District Value</attrdef>
            </attr>
            <attr>
                <attrlabl>NAME</attrlabl>
            </attr>
            <attr>
                <attrlabl>WEB_URL</attrlabl>
            </attr>
            <attr>
                <attrlabl>GIS_ID</attrlabl>
            </attr>
            <attr>
                <attrlabl>SE_ANNO_CAD_DATA</attrlabl>
            </attr>
            <attr>
                <attrlabl>SHAPE.AREA</attrlabl>
            </attr>
            <attr>
                <attrlabl>SHAPE.LEN</attrlabl>
            </attr>
        </detailed>
    </eainfo>
    <distinfo>
        <distrib>
            <cntinfo>
                <cntorgp>
                    <cntorg>D.C. Office of the Chief Technology Officer</cntorg>
                    <cntper>GIS Data Coordinator</cntper>
                </cntorgp>
                <cntaddr>
                    <addrtype>mailing and physical</addrtype>
                    <address>200 I Street SE, 5th Floor</address>
                    <city>Washington</city>
                    <state>DC</state>
                    <postal>20003</postal>
                    <country>US</country>
                </cntaddr>
                <cntfax>(202) 727-5660</cntfax>
                <cntemail>dcgis@dc.gov</cntemail>
                <hours>8:30 am - 5 pm</hours>
            </cntinfo>
        </distrib>
        <distliab>See access and use constraints information.</distliab>
        <custom>DC datasets can be downloaded from "http://opendata.dc.gov".</custom>
    </distinfo>
    <metainfo>
        <metd>20190329</metd>
        <metc>
            <cntinfo>
                <cntorgp>
                    <cntorg>D.C. Office of the Chief Technology Officer</cntorg>
                    <cntper>GIS Data Coordinator</cntper>
                </cntorgp>
                <cntaddr>
                    <addrtype>mailing and physical</addrtype>
                    <address>200 I Street SE, 5th Floor</address>
                    <city>Washington</city>
                    <state>DC</state>
                    <postal>20003</postal>
                    <country>US</country>
                </cntaddr>
                <cntfax>(202) 727-5660</cntfax>
                <cntemail>dcgis@dc.gov</cntemail>
                <hours>8:30 am - 5 pm</hours>
            </cntinfo>
        </metc>
        <metstdn>FGDC Content Standard for Digital Geospatial Metadata</metstdn>
        <metstdv>FGDC-STD-001-1998</metstdv>
        <mettc>local time</mettc>
    </metainfo>
</metadata>
